experiment,settings,duration mean,duration min,duration 75%,duration median,duration 25%,duration max,duration std,duration variance,duration count,interval mean,interval min,interval 75%,interval median,interval 25%,interval max,interval std,interval variance,interval count
20170223-NO-3400,80-250 4 peaks (3 and 2),45.551388888826665,10.20833333,51.822916667499996,33.125,22.5,425.0,42.21579768870957,1782.1735744940563,750,1150.3254339148598,10.0,1220.625,186.875,38.33333333,21849.79167,2284.496445895454,5218924.011308961,749
20170223-NO-3400,80-250 5 peaks (3 and 2),53.60647334504393,10.83333333,61.25,40.83333333,28.125,425.0,45.46193281859993,2066.787335602893,569,1523.33663439169,10.0,1799.53125025,217.0833333,41.197916667499996,22515.625,2921.974409267371,8537934.4484134,568
20170223-NO-3400,80-250 6 peaks (3 and 2),61.21372767857143,17.29166667,68.64583333499999,46.770833335,33.75,425.0,48.34853903845991,2337.5812271534824,448,1932.2576435594633,10.20833333,2151.875,228.125,39.27083333,23149.16667,3752.4828171302784,14081127.292857992,447
20170223-NO-3400,80-250 4 peaks (4 and 3),46.06540084395569,10.0,53.125,34.6875,25.05208333,381.875,40.650862526640225,1652.4926241598025,316,2751.723544954444,10.20833333,2497.7083334999998,165.625,43.33333333,42725.83333,5603.442365062241,31398566.338574328,315
20170223-NO-3400,80-250 5 peaks (4 and 3),53.16390041510373,11.25,60.20833333,41.875,28.33333333,381.875,43.95094511168502,1931.6855762103498,241,3600.6666666493334,10.20833333,2770.78124975,193.3333333,42.916666665,45081.04167,7435.073187452088,55280313.302768946,240
20170223-NO-3400,80-250 6 peaks (4 and 3),61.59646739141305,14.16666667,68.5937499975,48.333333335,36.04166667,381.875,47.06264552548915,2214.892603857844,184,-111.40285307614138,-884436.4583,3677.39583325,246.875,42.916666665,49541.45833,66064.60313978684,4364531788.017533,184
20170223-NO-3400,250-500 4 peaks (3 and 2),38.13534531929794,10.0,41.875,26.875,18.54166667,347.7083333,37.10733860798155,1376.9545785673984,1168,729.4235575568894,10.0,701.45833335,150.2083333,40.104166665,12055.41667,1438.6908759319851,2069831.436489943,1167
20170223-NO-3400,250-500 5 peaks (3 and 2),41.75930500616601,10.0,46.04166667,29.58333333,21.45833333,347.7083333,38.57426263458047,1487.973737801591,1012,844.2324019209693,10.0,877.3958333,171.25,43.333333335,12055.41667,1605.7973084282598,2578584.995755444,1011
20170223-NO-3400,250-500 6 peaks (3 and 2),44.82371794824972,10.20833333,49.58333333,31.66666667,23.125,347.7083333,39.886154141992705,1590.9052922388018,897,954.8800223211941,10.0,1024.68750025,202.3958333,44.322916667499996,15622.08333,1773.373118393997,3144852.217042449,896
20170223-NO-3400,250-500 4 peaks (4 and 3),33.47933070885039,10.0,36.979166665,25.0,17.70833333,264.1666667,28.276794791773035,799.5771236960426,635,1371.5460699510409,10.0,1697.447917,203.2291667,43.385416665,31660.41667,2823.4313988971517,7971764.864278327,634
20170223-NO-3400,250-500 5 peaks (4 and 3),36.52300185894052,10.0,40.83333333,27.29166667,20.20833333,264.1666667,29.604475395166318,876.424963423008,538,1622.2908907601304,10.0,2021.25,257.2916667,44.58333333,31660.41667,3207.4813001292246,10287936.29067866,537
20170223-NO-3400,250-500 6 peaks (4 and 3),40.25865312291196,10.0,44.6875,30.625,22.29166667,264.1666667,31.261994745653997,977.3123154772982,443,1975.0791855350903,10.0,2319.427083,316.0416667,44.11458333,31660.41667,3703.1896822765484,13713613.822919482,442
20170224-NO-3400,80-250 4 peaks (3 and 2),47.64348785824503,10.20833333,54.375,34.375,23.33333333,533.125,44.530149244490225,1982.9341917365737,906,911.4088397735138,10.0,343.125,87.5,29.58333333,63571.875,4158.193344403735,17290571.88944352,905
20170224-NO-3400,80-250 5 peaks (3 and 2),55.5493515843804,11.45833333,64.375,41.875,29.635416665,533.125,48.01780852125113,2305.709935183538,694,1196.8813131499567,10.0,469.375,96.66666667,33.54166667,63571.875,4949.816820812755,24500686.55960089,693
20170224-NO-3400,80-250 6 peaks (3 and 2),63.550474876672794,13.95833333,72.70833333,50.0,35.0,533.125,51.23654308046007,2625.183346835841,544,1534.2867557323939,10.0,646.14583335,111.875,36.770833335,63957.5,5728.745972752202,32818530.420324575,543
20170224-NO-3400,80-250 4 peaks (4 and 3),46.12103174653439,10.20833333,54.947916667499996,36.770833335,25.6770833325,224.1666667,31.90686616745609,1018.0481086279541,378,2255.0425508118037,10.0,892.5,123.125,36.45833333,70925.83333,7425.6578685138875,55140394.78022221,377
20170224-NO-3400,80-250 5 peaks (4 and 3),52.974457763047944,13.54166667,62.760416665,42.91666667,31.979166665,224.1666667,33.05031222851483,1092.3231384023165,292,2927.575171790241,10.0,959.375,131.875,43.125,75774.58333,8992.88387379052,80871960.36748159,291
20170224-NO-3400,80-250 6 peaks (4 and 3),58.759920635497835,13.54166667,70.52083333499999,48.125,35.625,224.1666667,34.603962962382745,1197.434252701957,231,3536.4375000088694,10.0,1052.34374975,141.04166665,44.16666667,78182.08333,10873.64289887828,118236109.89232606,230
20170224-NO-3400,250-500 4 peaks (3 and 2),37.531993511009375,10.0,44.16666667,27.5,17.70833333,297.7083333,33.445108332487685,1118.575271371837,1387,588.6786014957936,10.0,270.8854167,86.875,29.79166667,45368.54167,2769.953958528024,7672644.932365071,1386
20170224-NO-3400,250-500 5 peaks (3 and 2),41.00766722157369,10.0,47.91666667,31.04166667,20.625,297.7083333,34.62386001351196,1198.8116822352724,1201,682.2626736179417,10.0,307.96875,96.35416666500001,30.781249997499998,45368.54167,2980.9480865983724,8886051.494994497,1200
20170224-NO-3400,250-500 6 peaks (3 and 2),44.538833013831415,10.41666667,52.5,33.75,23.489583335,297.7083333,35.73425133722663,1276.9367186320835,1044,787.3182326726366,10.0,370.9375,106.875,35.729166665,45368.54167,3205.4316216859065,10274791.881303942,1043
20170224-NO-3400,250-500 4 peaks (4 and 3),34.939382338070445,10.0,42.29166667,26.45833333,18.125,248.5416667,27.305461937969472,745.5882516458995,653,1296.241372716503,10.0,682.656250025,143.95833335,48.645833332500004,63094.79167,4752.942286708505,22590460.38078187,652
20170224-NO-3400,250-500 5 peaks (4 and 3),37.925917702895205,10.41666667,46.145833335,29.79166667,20.83333333,248.5416667,28.220818525933772,796.4145982736869,563,1505.904507720783,10.0,806.718750025,158.6458333,52.3437500025,63094.79167,5122.0887201153055,26235792.85673245,562
20170224-NO-3400,250-500 6 peaks (4 and 3),42.135644104912664,10.83333333,50.364583335,33.54166667,23.645833335,248.5416667,29.54419468958931,872.8594398563573,458,1856.3949671822322,10.0,1087.291667,168.75,53.33333333,63094.79167,5780.100037239459,33409556.440495603,457
20170225-NO-3400,80-250 4 peaks (3 and 2),44.88239247336918,10.41666667,54.270833332500004,37.91666667,27.29166667,244.1666667,28.164720913649692,793.2515041437764,558,1543.594030479982,10.0,700.4166667,160.625,51.875,64926.45833,5335.326499738267,28465708.858809385,557
20170225-NO-3400,80-250 5 peaks (3 and 2),52.55165758433242,10.41666667,61.770833335,44.79166667,32.70833333,244.1666667,30.96949194488844,959.1094313245098,367,2364.6453778946448,10.20833333,1306.4583332500001,255.3125,55.3124999975,69602.08333,7119.143089274632,50682198.325566754,366
20170225-NO-3400,80-250 6 peaks (3 and 2),59.44602272787879,13.54166667,70.1041666675,51.66666667,38.072916667499996,244.1666667,33.30823737264471,1109.4386768724457,264,3212.1775981275287,10.20833333,1869.8958335,345.8333333,66.14583333499999,69602.08333,8671.25773290796,75190710.67051607,263
20170225-NO-3400,80-250 4 peaks (4 and 3),40.88815789496241,10.0,50.83333333,36.875,25.625,147.7083333,22.449075835270836,503.96100585774093,133,6253.732638707652,10.83333333,3817.1354165000002,453.02083335,96.45833333,72888.75,13683.667481518689,187242755.74477202,132
20170225-NO-3400,80-250 5 peaks (4 and 3),92.79166666824999,29.79166667,114.6875,75.0,58.385416667499996,244.1666667,51.86997549133521,2690.4943574717154,40,21210.75854619154,10.625,19509.0625,1279.583333,168.0208333,213725.2083,41474.807760747426,1720159678.790955,39
20170225-NO-3400,80-250 6 peaks (4 and 3),55.8913934427869,22.91666667,65.41666667,52.29166667,41.66666667,147.7083333,23.930241048311984,572.6564366303159,61,13791.569443733833,10.83333333,13855.3125,625.20833335,116.56250002499999,125984.5833,27303.05125222944,745456607.6818676,60
20170225-NO-3400,250-500 4 peaks (3 and 2),34.250061094750734,10.0,40.83333333,26.25,17.29166667,368.125,28.153292718161683,792.6078908744956,1364,616.887992178606,10.0,362.91666665,109.7916667,35.104166665,34928.125,2204.21005493797,4858541.966289649,1363
20170225-NO-3400,250-500 5 peaks (3 and 2),37.81834795314912,10.0,44.375,30.3125,20.41666667,368.125,29.385584612755345,863.5125830334036,1140,740.9873427081125,10.0,436.5625,120.625,35.83333333,34928.125,2418.710942762159,5850162.624637411,1139
20170225-NO-3400,250-500 6 peaks (3 and 2),41.14369877042009,10.41666667,48.177083332500004,33.125,23.125,368.125,30.355629954593635,921.4642699402223,976,868.6576923226462,10.0,527.9166667,136.6666667,39.0625,34928.125,2696.3591534792067,7270352.684551104,975
20170225-NO-3400,250-500 4 peaks (4 and 3),31.035464097793348,10.0,36.145833335,25.20833333,17.604166665,250.2083333,23.63695253115905,558.7055249602663,571,1521.1319444452456,10.0,925.88541665,223.75,64.0624999975,34946.45833,3710.175911255966,13765405.29246404,570
20170225-NO-3400,250-500 5 peaks (4 and 3),34.5206529578355,10.0,39.16666667,27.70833333,20.41666667,250.2083333,24.903182498154074,620.1684985363675,462,1884.6375632928416,10.20833333,1325.0,296.6666667,70.20833333,34946.45833,4302.114289602465,18508187.360801723,461
20170225-NO-3400,250-500 6 peaks (4 and 3),37.74107949368564,10.625,42.91666667,30.83333333,22.29166667,250.2083333,26.674218922551884,711.5139551282249,369,2366.413043486386,10.20833333,1628.59375,404.6875,82.9166666675,37231.45833,4993.883171950301,24938869.135088403,368
20170227-NO-3400-2,80-250 4 peaks (3 and 2),43.686305732356686,11.45833333,54.2187500025,36.979166665,25.625,249.375,26.12817544509881,682.6815520898646,628,906.6191520172727,10.0,415.9375,90.625,38.4375,26978.125,2708.638924628712,7336724.824013786,627
20170227-NO-3400-2,80-250 5 peaks (3 and 2),49.01871980654244,12.91666667,58.85416667,43.125,30.3125,249.375,27.132568952183384,736.1762979449858,483,1187.1559474084024,10.0,663.593749975,103.125,43.177083332500004,26978.125,3202.9419950458705,10258837.423628422,482
20170227-NO-3400-2,80-250 6 peaks (3 and 2),54.220238094909085,13.54166667,63.54166667,49.375,35.41666667,249.375,27.68001462453787,766.1832096146302,385,1445.4844834940623,10.0,791.093749975,121.5625,44.583333335,47908.75,4108.683930582688,16881283.641428407,384
20170227-NO-3400-2,80-250 4 peaks (4 and 3),37.813796679999996,10.41666667,47.91666667,33.75,24.375,153.125,19.509422117800337,380.617551370517,241,2363.5052082595835,10.83333333,1405.9375,247.29166665,62.760416667499996,43087.70833,5814.264999897949,33805677.48903829,240
20170227-NO-3400-2,80-250 5 peaks (4 and 3),44.7682291660625,15.41666667,53.33333333,40.3125,32.29166667,153.125,19.47489073209294,379.2713690269596,160,3566.4203353581756,10.83333333,3202.5,578.5416667,71.5625,48522.29167,7379.184514202989,54452364.094653204,159
20170227-NO-3400-2,80-250 6 peaks (4 and 3),49.00502873465517,22.29166667,56.927083332500004,45.208333335,34.375,153.125,20.450177864526083,418.20977469075257,116,4888.893115813478,10.83333333,4698.229166499999,802.7083333,96.875,59150.20833,9643.087710686694,92989140.59599674,115
20170227-NO-3400-2,250-500 4 peaks (3 and 2),36.38943248563601,10.0,44.79166667,27.91666667,18.54166667,262.5,28.498076885139444,812.1403861513191,1022,547.501020235044,10.0,279.5833333,82.29166667,31.66666667,27492.08333,1791.5012494229888,3209476.72668413,1021
20170227-NO-3400-2,250-500 5 peaks (3 and 2),38.762495456532164,10.0,47.29166667,30.0,20.83333333,262.5,29.098520657571306,846.723904459104,917,612.0560407498144,10.0,355.052083325,87.70833333,33.2812499975,27492.08333,1915.8617910731375,3670526.40249397,916
20170227-NO-3400-2,250-500 6 peaks (3 and 2),41.83343724062345,10.0,50.625,33.33333333,22.91666667,262.5,29.79178299885562,887.5503342509028,802,702.4196317101623,10.0,413.9583333,93.54166667,33.54166667,27492.08333,2121.07207055395,4498946.728484022,801
20170227-NO-3400-2,250-500 4 peaks (4 and 3),30.562986381361863,10.0,38.697916667499996,25.729166665,17.395833335,130.8333333,18.465271877337873,340.966265504005,514,1130.9896848193957,10.0,801.875,111.25,44.79166667,28263.75,2916.4032100432814,8505407.683550756,513
20170227-NO-3400-2,250-500 5 peaks (4 and 3),33.53920990573113,10.0,42.70833333,28.54166667,20.41666667,130.8333333,18.83824920598969,354.8796331469712,424,1375.1452915346335,10.0,938.4375,143.125,47.08333333,38901.45833,3701.7185664973117,13702720.345550912,423
20170227-NO-3400-2,250-500 6 peaks (4 and 3),36.449048282311985,10.625,45.0,32.08333333,23.645833335,130.8333333,18.91256159629461,357.68498613363766,359,1627.9940642256142,10.0,1133.4375,179.58333335,58.177083332500004,38901.45833,4094.5227092596074,16765116.216642635,358
20170227-NO-3400,80-250 4 peaks (3 and 2),37.94488144099863,10.83333333,47.1875,34.375,24.79166667,149.7916667,18.128384593340584,328.6383279640683,731,781.5702054830823,10.0,660.4166667,156.97916665,57.86458333,11523.75,1614.284926670848,2605915.8244767054,730
20170227-NO-3400,80-250 5 peaks (3 and 2),42.80941358035185,12.29166667,52.135416665,39.375,29.531249997499998,149.7916667,18.103468483647855,327.7355711384312,540,1066.9070810013359,10.41666667,945.4166667,194.5833333,58.541666665,22429.375,2164.786061240761,4686298.690942287,539
20170227-NO-3400,80-250 6 peaks (3 and 2),47.514880952551025,16.25,55.625,44.6875,35.41666667,149.7916667,18.378482257492944,337.768610088983,392,1482.2357204267773,10.41666667,1325.625,320.8333333,65.83333333,22429.375,2873.192472579775,8255234.98448908,391
20170227-NO-3400,80-250 4 peaks (4 and 3),35.07801418446809,10.83333333,44.270833335,31.875,23.33333333,109.375,15.053238896069509,226.60000126213998,235,2520.9998218788037,16.66666667,3248.854167,567.8125,113.6458333,29376.875,4189.231947025554,17549664.305979516,234
20170227-NO-3400,80-250 5 peaks (4 and 3),39.99305555566668,16.66666667,47.70833333,37.91666667,28.645833335,109.375,15.194579333706914,230.87524112831326,150,3922.864932798726,17.08333333,4790.416667,929.7916667,169.375,39110.83333,6256.442797442131,39143076.47766553,149
20170227-NO-3400,80-250 6 peaks (4 and 3),43.329545454545446,19.375,52.916666667499996,41.875,31.718750002500002,109.375,15.518729057695616,240.83095156616625,110,5373.757645091742,17.08333333,7150.833333,1418.125,335.2083333,39110.83333,7846.260816031472,61563808.79319087,109
20170227-NO-3400,250-500 4 peaks (3 and 2),30.22911292619948,10.0,36.770833335,25.20833333,16.875,224.7916667,19.5473518390832,382.0989639209093,1163,485.22913080783985,10.0,387.86458335,111.97916665,51.04166667,10064.16667,1042.4545847810095,1086711.561330947,1162
20170227-NO-3400,250-500 5 peaks (3 and 2),32.71357310512073,10.0,40.572916667499996,27.8125,19.16666667,224.7916667,20.007478781205716,400.29920718039693,994,570.330647868872,10.0,475.8333333,130.0,56.875,10064.16667,1178.96769383999,1389964.8231183842,993
20170227-NO-3400,250-500 6 peaks (3 and 2),35.65303030286061,10.0,43.33333333,31.04166667,22.5,224.7916667,20.54886348366674,422.2557904703724,825,691.070236644551,10.0,589.635416675,154.5833333,60.572916667499996,10177.5,1387.8194963257972,1926042.9543819895,824
20170227-NO-3400,250-500 4 peaks (4 and 3),25.449492297205882,10.0,30.260416665,21.66666667,14.79166667,107.9166667,14.793346944227585,218.8431138122876,476,1235.0289473410317,10.41666667,1170.1041665,294.1666667,83.33333333,15412.08333,2266.7080494551606,5137965.3814648185,475
20170227-NO-3400,250-500 5 peaks (4 and 3),28.423438935151513,10.0,33.54166667,25.0,17.1875,107.9166667,15.534902837715748,241.33320617726878,363,1624.1551565340053,10.41666667,2048.28125,404.0625,89.4791666675,15808.125,2652.959547970477,7038194.363167718,362
20170227-NO-3400,250-500 6 peaks (4 and 3),31.91253063757353,10.83333333,38.07291667,28.125,21.04166667,107.9166667,16.158222698115654,261.0881607619,272,2175.083794600221,10.625,2935.8333334999998,679.5833333,133.0208333,17196.25,3362.1891894269725,11304316.145499602,271
20170228-0-3425,80-250 4 peaks (3 and 2),41.99387722614504,10.0,48.020833335,31.45833333,22.08333333,398.9583333,36.010143172118575,1296.7304112764782,524,1102.1777406047036,10.0,633.85416665,157.5,38.645833335,40795.83333,3717.172485217773,13817371.284860075,523
20170228-0-3425,80-250 5 peaks (3 and 2),50.47155017870968,11.25,56.61458333,38.541666665,29.114583335,398.9583333,39.47316271693725,1558.1305748778052,372,1558.7000224188948,10.0,879.58333335,181.875,40.416666665,40795.83333,4825.119779042457,23281780.88210673,371
20170228-0-3425,80-250 6 peaks (3 and 2),57.60159010554771,12.70833333,66.45833333,45.625,33.229166665,398.9583333,42.573957109285594,1812.5418239432895,283,2057.478575637872,10.0,1235.0520835,223.3333333,43.5937499975,41138.54167,5685.509479909501,32325018.046140805,282
20170228-0-3425,80-250 4 peaks (4 and 3),40.81275720172839,11.66666667,46.770833332500004,33.229166665,23.593750002500002,213.9583333,28.41597321135224,807.4675335482883,162,3654.0916149665213,10.20833333,2843.958333,379.1666667,45.625,76011.66667,9143.059005711058,83595527.9819141,161
20170228-0-3425,80-250 5 peaks (4 and 3),45.96666666672,14.58333333,53.33333333,36.45833333,27.91666667,213.9583333,30.182378504327968,910.975972178519,125,4751.407930067016,10.20833333,4339.84375,853.6458333,44.947916667499996,76037.29167,10560.906134311832,111532738.37774529,124
20170228-0-3425,80-250 6 peaks (4 and 3),51.48492907797873,18.54166667,56.5625,43.125,32.03125,213.9583333,32.59510874997717,1062.4411144228384,94,6312.719534118494,10.20833333,7739.583333,1121.875,53.54166667,76037.29167,12039.383917221454,144946765.1062506,93
20170228-0-3425,250-500 4 peaks (3 and 2),36.90073238317102,10.0,41.45833333,25.41666667,17.08333333,667.2916667,40.50963502864388,1641.0305301539308,842,675.4746333917717,10.0,352.9166667,85.83333333,30.83333333,37201.45833,2468.295422932875,6092482.294871382,841
20170228-0-3425,250-500 5 peaks (3 and 2),40.82630098452883,10.0,46.45833333,28.33333333,19.58333333,667.2916667,42.8906040646999,1839.6039170348517,711,802.3010563682676,10.0,466.61458335,100.52083335,33.95833333,37201.45833,2771.071177052584,7678835.468291595,710
20170228-0-3425,250-500 6 peaks (3 and 2),57.60159010554771,12.70833333,66.45833333,45.625,33.229166665,398.9583333,42.573957109285594,1812.5418239432895,283,2057.478575637872,10.0,1235.0520835,223.3333333,43.5937499975,41138.54167,5685.509479909501,32325018.046140805,282
20170228-0-3425,250-500 4 peaks (4 and 3),34.63264627659574,10.0,40.20833333,25.3125,17.239583335,267.9166667,30.027037469519673,901.6229791959383,376,1558.7288888470935,10.0,991.66666665,146.875,40.625,41652.08333,4296.583661219001,18460631.15785408,375
20170228-0-3425,250-500 5 peaks (4 and 3),38.70656894680782,10.83333333,46.04166667,29.375,20.104166665,267.9166667,31.711322238904472,1005.6079581396374,307,1912.4455337369932,10.0,1230.3125,188.9583333,41.927083332500004,41652.08333,5148.910505257572,26511279.391151793,306
20170228-0-3425,250-500 6 peaks(4 and 3),42.10887611747126,11.04166667,51.04166667,32.70833333,23.125,267.9166667,33.14475632364598,1098.5748717538702,261,2253.8173076421153,10.0,1606.3541665,244.7916667,50.572916665,41652.08333,5544.7627605703665,30744394.07100791,260
20170228-NO-3425,80-250 4 peaks (3 and 2),36.981122848251175,10.41666667,45.260416665,30.3125,21.04166667,377.2916667,25.483854598610872,649.4268452031405,852,662.7433411589777,10.0,757.39583335,159.1666667,51.666666665,11590.20833,1264.1225664467413,1598005.8629998958,851
20170228-NO-3425,80-250 5 peaks (3 and 2),42.64602803746106,11.04166667,50.364583335,36.45833333,26.45833333,377.2916667,26.837019179613872,720.2255984469629,642,879.7705408314664,10.0,931.4583333,208.125,59.79166667,12276.25,1650.0991118263319,2722827.078850049,641
20170228-NO-3425,80-250 6 peaks (3 and 2),47.39542160737154,15.0,55.20833333,40.625,30.625,377.2916667,28.133285905943065,791.4817758655347,506,1122.7887789008712,10.0,1248.958333,265.8333333,61.66666667,16596.04167,2060.238840972319,4244584.081850964,505
20170228-NO-3425,80-250 4 peaks (4 and 3),34.57351290717172,11.25,42.70833333,29.79166667,22.08333333,127.9166667,18.69267072774875,349.41593893603505,297,1959.959881772804,10.0,2206.71875,453.02083335,103.645833325,23673.75,3459.2000423944587,11966064.933301825,296
20170228-NO-3425,80-250 5 peaks (4 and 3),40.35829307613526,12.5,46.770833335,34.79166667,27.604166665,127.9166667,19.1780281480257,367.79676364646605,207,2825.545105261942,10.0,3079.9479165000002,637.70833335,149.99999997499998,34816.875,5067.35004526675,25678036.481264934,206
20170228-NO-3425,80-250 6 peaks (4 and 3),45.3750000006,18.54166667,52.6562499975,40.208333335,31.45833333,127.9166667,19.93364281236493,397.3501157709481,150,3916.847035884698,10.0,3881.041667,1221.875,240.4166667,34816.875,6642.858179786487,44127564.796756245,149
20170228-NO-3425,250-500 4 peaks (3 and 2),32.10205580028194,10.0,39.16666667,26.04166667,17.29166667,195.0,22.914956912328844,525.0952502938875,1135,494.7567607310493,10.0,536.718749975,124.0625,46.979166667499996,10446.66667,951.8380635404357,905995.6992044064,1134
20170228-NO-3425,250-500 5 peaks (3 and 2),35.218129571536046,10.0,42.08333333,28.54166667,20.41666667,195.0,23.57929949575359,555.9833647104456,957,589.7345711239121,10.0,676.92708335,160.72916665,52.08333333,10698.75,1066.5585942768005,1137547.2350257046,956
20170228-NO-3425,250-500 6 peaks (3 and 2),37.89686121133575,10.0,44.58333333,31.04166667,23.125,195.0,24.103261240290227,580.9672024176772,831,679.2597891520962,10.0,804.374999975,182.8125,55.9374999975,10698.75,1171.4369599617496,1372264.551164426,830
20170228-NO-3425,250-500 4 peaks (4 and 3),27.02937013450106,10.0,33.125,23.54166667,16.25,102.5,14.624217281949155,213.86773110966033,471,1239.9481382736594,10.0,1485.62500025,374.8958333,71.40625,15912.08333,2083.0388386180352,4339050.803191174,470
20170228-NO-3425,250-500 5 peaks (4 and 3),29.84009009010811,10.0,37.864583335,26.25,19.16666667,102.5,14.997121888391133,224.9136649352604,370,1583.296070458645,10.0,1947.708333,573.5416667,84.79166667,16984.79167,2484.042331882297,6170466.306583238,369
20170228-NO-3425,250-500 6 peaks (4 and 3),33.21026097263345,10.20833333,41.45833333,29.375,21.45833333,102.5,15.262293448992322,232.93760132315396,281,2077.1413690950358,10.0,2632.5520834999998,693.22916665,110.572916675,21360.41667,3229.7662141789074,10431389.79825155,280
20170301–0-3425,80-250 4 peaks (3 and 2),44.121139644279964,10.20833333,45.625,29.58333333,19.79166667,582.0833333,52.73587428542077,2781.0724366477034,993,861.3304351615625,10.0,755.1041667,202.8125,41.5625000025,15599.375,1685.9576947315488,2842453.3484245185,992
20170301–0-3425,80-250 5 peaks (3 and 2),53.15312213050964,11.04166667,56.09375,36.145833335,26.04166667,582.0833333,59.0199584822278,3483.355499243893,726,1185.7419540062483,10.0,1097.708333,224.1666667,41.875,17958.33333,2395.4591026070957,5738224.312263193,725
20170301–0-3425,80-250 6 peaks (3 and 2),61.000362319060876,11.04166667,65.52083333499999,41.25,31.25,582.0833333,63.93716332645816,4087.960854234186,575,1503.7924651742337,10.0,1327.4479167499999,256.66666665,41.875,53656.04167,3662.52056386127,13414056.880706677,574
20170301–0-3425,80-250 4 peaks (4 and 3),34.01718455776836,10.20833333,40.20833333,27.91666667,19.79166667,187.9166667,22.172860422681847,491.63573932373095,354,2509.1879131062888,10.20833333,2575.416667,542.2916667,112.0833333,54678.54167,5617.867315766184,31560433.177553948,353
20170301–0-3425,80-250 5 peaks (4 and 3),39.99828532271605,11.875,48.645833335,33.125,25.625,187.9166667,23.926788530346,572.4912093758968,243,3669.693526205785,10.41666667,3950.26041675,774.8958333,148.43749997499998,59748.75,7550.14611945133,57004706.42506598,242
20170301–0-3425,80-250 6 peaks (4 and 3),46.587771203727804,11.875,55.625,40.20833333,29.79166667,187.9166667,25.6757465415368,659.243960465239,169,5291.977926718631,10.41666667,5529.99999975,1740.9375,260.8333333,59748.75,9174.418380561552,84169952.62158567,168
20170301–0-3425,250-500 4 peaks (3 and 2),45.8166200257556,10.0,32.5,21.25,14.375,3275.0,176.40855639209346,31119.978768342422,1072,792.8402194048366,10.0,689.6875,179.1666667,44.270833335,39585.20833,2240.183330278522,5018421.35325777,1071
20170301–0-3425,250-500 5 peaks (3 and 2),30.027039007276596,10.0,34.0625000025,23.75,16.04166667,253.5416667,24.071209362399724,579.4231201684802,470,1885.1470327114284,10.0,1122.083333,256.875,56.66666667,67233.75,6107.392579792724,37300244.12370723,469
20170301–0-3425,250-500 6 peaks (3 and 2),33.23625654486911,10.0,39.322916667499996,25.41666667,19.010416665,253.5416667,25.536912514568094,652.1339007767045,382,2324.2793087260893,10.0,1472.916667,267.7083333,58.95833333,106990.8333,8064.87682034,65042238.12725743,381
20170301–0-3425,250-500 4 peaks (4 and 3),27.577614379322636,10.0,31.875,21.45833333,15.20833333,253.5416667,22.799311846397753,519.8086206692928,561,1576.38504464425,10.0,1071.5104167499999,226.875,50.989583335,63465.83333,4878.62236675769,23800956.197428398,560
20170301–0-3425,250-500 5 peaks (4 and 3),30.027039007276596,10.0,34.0625000025,23.75,16.04166667,253.5416667,24.071209362399724,579.4231201684802,470,1885.1470327114284,10.0,1122.083333,256.875,56.66666667,67233.75,6107.392579792724,37300244.12370723,469
20170301–0-3425,250-500 6 peaks (4 and 3),33.23625654486911,10.0,39.322916667499996,25.41666667,19.010416665,253.5416667,25.536912514568094,652.1339007767045,382,2324.2793087260893,10.0,1472.916667,267.7083333,58.95833333,106990.8333,8064.87682034,65042238.12725743,381
20170301–90-3425,80-250 4 peaks (3 and 2),29.871639784935482,10.20833333,35.1562499975,24.895833335,18.1770833325,170.0,19.53630291107896,381.66713143343225,310,-34.134408493742214,-894964.5833,3588.5416665000002,996.6666665,140.729166675,38656.45833,51118.99279978936,2613151424.864917,310
20170301–90-3425,80-250 5 peaks (3 and 2),36.577219203152175,10.83333333,42.3437499975,31.979166665,23.17708333,170.0,22.383259665906955,501.0103132714172,184,4784.759790645082,10.0,6633.229167,1550.208333,353.2291667,53282.91667,7545.216999596264,56930299.570996456,183
20170301–90-3425,80-250 6 peaks (3 and 2),41.955128205538465,15.0,48.697916667499996,36.875,27.968750002500002,170.0,24.320209962814424,591.472612635378,130,6776.7231912468205,10.0,8077.708333,2237.916667,420.0,75316.66667,10609.207619715227,112555286.31822366,129
20170301–90-3425,80-250 4 peaks (4 and 3),30.044988925880396,10.0,35.41666667,25.0,17.70833333,171.6666667,19.20001433647323,368.6405505207776,903,964.8209996310753,10.0,1090.2083332500001,337.60416665,71.35416667,20437.91667,1663.7970530793775,2768220.633835621,902
20170301–90-3425,80-250 5 peaks (4 and 3),35.37163978493548,10.20833333,40.625,30.3125,22.864583335,171.6666667,20.727998222540077,429.6499103136245,620,1414.327544416866,10.0,1843.958333,497.2916667,106.45833335,20525.0,2251.729306838711,5070284.871276342,619
20170301–90-3425,80-250 6 peaks (4 and 3),40.29688665185682,14.16666667,46.04166667,34.79166667,26.66666667,171.6666667,22.097660867472186,488.30661581381156,447,1969.7141255719282,10.0,2537.864583,677.6041667,135.52083335,38040.83333,3340.815494112694,11161048.165703446,446
20170301–90-3425,250-500 4 peaks (3 and 2),25.165754258111313,10.0,30.20833333,19.58333333,14.58333333,214.7916667,18.91536321876873,357.7909656979488,1096,794.1082572263106,10.0,803.4375,248.125,64.27083333499999,16081.25,1516.6091700292282,2300103.374616744,1095
20170301–90-3425,250-500 5 peaks (3 and 2),27.510151347563678,10.0,32.5,22.70833333,15.625,214.7916667,20.016460154331067,400.65867710992325,903,967.0604674760976,10.0,963.90625,285.3125,70.4687499975,27677.91667,2039.48785787041,4159510.7224008334,902
20170301–90-3425,250-500 6 peaks (3 and 2),30.608321629396066,10.41666667,35.41666667,25.0,17.70833333,214.7916667,21.358251923053164,456.17492520860424,712,1230.3445851034178,10.0,1228.541667,366.6666667,87.29166666500001,27677.91667,2523.526474231622,6368185.866147882,711
20170301–90-3425,250-500 4 peaks (4 and 3),23.70136887613833,10.0,26.875,19.58333333,14.375,151.875,16.39169672939049,268.6877216683108,347,2537.5030106386707,10.0,2979.68750025,843.33333335,131.14583335,48008.125,4718.096801985274,22260437.43290367,346
20170301–90-3425,250-500 5 peaks (4 and 3),26.453616352415093,10.0,30.0,22.5,16.04166667,151.875,17.76079384421573,315.4457979767314,265,3317.529198240682,10.0,3477.864583,904.0625,154.7395833,70838.33333,6643.14450137841,44131368.866194196,264
20170301–90-3425,250-500 6 peaks (4 and 3),29.720790378298968,10.41666667,33.38541667,24.791666665,19.375,151.875,19.342441757586133,374.1300531456117,194,4544.414939535906,10.0,5134.166667,1150.625,228.9583333,76649.58333,8602.519509175047,74003341.90573728,193
20170301–NO-3425,80-250 4 peaks (3 and 2),43.13729364229716,10.0,42.91666667,27.70833333,19.58333333,1067.083333,69.24379572028062,4794.703245751953,949,905.0628516216244,10.0,815.572916675,176.04166665,40.83333333,20883.54167,1986.3341086743637,3945523.1912831794,948
20170301–NO-3425,80-250 5 peaks (3 and 2),51.747023809299996,10.0,49.375,32.8125,24.16666667,1067.083333,78.76460002683265,6203.862217386926,700,1232.764961850801,10.0,1134.375,218.3333333,44.791666665,25245.625,2664.513009206371,7099629.5762299895,699
20170301–NO-3425,80-250 6 peaks (3 and 2),60.850204017288135,13.54166667,56.66666667,38.95833333,28.75,1067.083333,88.42275465725997,7818.583541177991,531,1633.234276775283,10.0,1602.291667,250.625,46.458333332500004,34761.04167,3741.9902046549614,14002490.69173368,530
20170301–NO-3425,80-250 4 peaks (4 and 3),45.25019025831051,10.0,47.1875000025,30.0,21.510416665,730.2083333,56.732416708470105,3218.5671055834982,438,2006.0540617752174,10.0,1895.625,275.0,36.04166667,40746.45833,4477.860981534772,20051238.96995155,437
20170301–NO-3425,80-250 5 peaks (4 and 3),55.13575268761291,11.875,56.354166665,36.66666667,26.3541666675,730.2083333,64.75028755500853,4192.599738456292,310,2845.8677184160842,10.0,2076.458333,341.0416667,39.79166667,47842.29167,6171.902478399355,38092380.2028721,309
20170301–NO-3425,80-250 6 peaks (4 and 3),64.85721982672413,15.0,63.541666665,43.854166665,30.937500002500002,730.2083333,72.14829407036206,5205.37633726344,232,3815.6637805739824,10.0,3136.5625,290.625,39.79166667,60480.20833,8503.35747716679,72307088.38448834,231
20170301–NO-3425,250-500 4 peaks (3 and 2),35.84529102668553,10.0,34.58333333,21.04166667,14.58333333,1056.041667,61.63717132938,3799.140889487344,1237,691.5024946172897,10.0,625.312499975,142.5,37.91666667,21456.66667,1629.7353956791662,2656037.4599295286,1236
20170301–NO-3425,250-500 5 peaks (3 and 2),40.12048678276595,10.0,37.91666667,23.54166667,16.3020833325,1056.041667,66.56314438523724,4430.65219044994,1034,830.1579138396515,10.0,728.3333333,155.4166667,37.08333333,45396.45833,2366.527927795758,5600454.433037285,1033
20170301–NO-3425,250-500 6 peaks (3 and 2),45.30664519912178,10.0,43.697916667499996,26.875,19.010416665,1056.041667,72.14783660473589,5205.310326743668,854,1006.0372704206917,10.0,870.2083333,159.1666667,36.66666667,45396.45833,2709.4448008789623,7341091.12901004,853
20170301–NO-3425,250-500 4 peaks (4 and 3),34.40504179719436,10.0,35.41666667,21.770833335,15.0520833325,658.9583333,44.7925936793776,2006.3764485258187,638,1374.7632129659025,10.0,1031.666667,141.0416667,30.20833333,60483.125,3945.2557164213335,15565042.66795521,637
20170301–NO-3425,250-500 5 peaks (4 and 3),38.64047619041905,10.0,39.375,25.20833333,18.125,658.9583333,48.30116857189765,2333.002885410873,525,1672.4960241607823,10.0,1084.4270835,131.875,29.3229166675,60483.125,4747.4262723454585,22538056.2113559,524
20170301–NO-3425,250-500 6 peaks (4 and 3),43.6072261072028,10.0,45.0,28.75,20.83333333,658.9583333,52.084683856358616,2712.814292416824,429,2051.3239874942988,10.20833333,1193.229167,127.08333335,27.91666667,60483.125,5948.672774194762,35386707.774446,428
20170302–90-3450,80-250 4 peaks (3 and 2),38.70305164334004,10.0,45.41666667,31.45833333,21.66666667,209.1666667,26.932959666752453,725.3843164109144,497,1165.0982862712297,10.0,719.791666675,173.64583335,52.9687499975,46354.375,3206.3617489206345,10280755.66494139,496
20170302–90-3450,80-250 5 peaks (3 and 2),44.405000000106675,11.45833333,50.3125,36.875,26.875,209.1666667,28.484885174354687,811.3886833961715,375,1551.9212344362834,10.0,1113.6979165,222.29166665,54.2187500025,46354.375,4045.933007117128,16369573.898079846,374
20170302–90-3450,80-250 6 peaks (3 and 2),50.47348484867133,13.95833333,58.854166665,41.66666667,32.1874999975,209.1666667,29.8501663114787,891.0324288229378,286,2044.3333333406667,10.0,1253.333333,219.5833333,53.95833333,54960.83333,5455.037348367574,29757432.47208513,285
20170302–90-3450,80-250 4 peaks (4 and 3),36.025815217173914,10.83333333,41.7187500025,31.66666667,22.76041667,201.4583333,22.391161325741635,501.36410551538796,184,3226.128187827814,10.625,2173.645833,409.7916667,63.95833333,58929.16667,7855.428147128993,61707751.374706455,183
20170302–90-3450,80-250 5 peaks (4 and 3),41.07165404007575,13.75,45.20833333,35.3125,27.55208333,201.4583333,24.25796837326173,588.4490295981662,132,4515.9446566326715,10.625,2880.625,527.5,63.4375,63957.29167,9916.336155576404,98333722.75039181,131
20170302–90-3450,80-250 6 peaks (4 and 3),47.02152014582418,14.79166667,52.39583333,39.79166667,33.4375,201.4583333,26.226577838929327,687.8333851414188,91,6585.902777630334,12.91666667,6954.270833500001,720.625,89.6874999975,96438.75,13734.462246693562,188635453.20585078,90
20170302–90-3450,250-500 4 peaks (3 and 2),30.892999204415275,10.0,38.125,24.58333333,16.3020833325,206.4583333,22.00217707619828,484.0957960923851,838,683.8572779862008,10.0,526.0416667,147.9166667,44.58333333,34967.5,1966.3862740765,3866674.9788764603,837
20170302–90-3450,250-500 5 peaks (3 and 2),34.05934343431457,10.0,41.875,27.70833333,18.95833333,206.4583333,22.854315637311036,522.3197432498397,693,828.9628492329334,10.0,591.458333325,152.29166665,45.989583335,34967.5,2306.0907584745896,5318054.586321909,692
20170302–90-3450,250-500 6 peaks (3 and 2),37.38840579704348,10.0,46.25,30.625,22.29166667,206.4583333,23.562633377127842,555.197691664939,575,992.9195702744076,10.0,669.062499975,179.6875,48.90625,35759.16667,2616.2250699929373,6844633.616859549,574
20170302–90-3450,250-500 4 peaks (4 and 3),29.542214912335524,10.0,36.66666667,23.645833335,16.614583335,178.9583333,19.929532511726823,397.1862661359764,304,1924.07246970835,10.0,1803.2291665,274.7916667,67.39583333,54678.54167,4685.8858096735075,21957525.821299545,303
20170302–90-3450,250-500 5 peaks (4 and 3),33.302304964723405,10.41666667,40.625,28.54166667,19.479166665,178.9583333,20.996056824482302,440.83440217688985,235,2480.4629629905126,10.20833333,2598.333333,329.58333335,74.94791667,56452.91667,5529.7744276654075,30578405.220862284,234
20170302–90-3450,250-500 6 peaks (4 and 3),36.75179211489247,11.45833333,42.5,32.91666667,21.302083335,178.9583333,21.943265570045032,481.50690387752377,186,3141.2207207838374,10.20833333,3161.875,453.9583333,74.375,56452.91667,6558.943328747697,43019737.58972392,185
20170302–NO-3450,80-250 4 peaks (3 and 2),36.667333333024,10.20833333,42.29166667,28.75,21.04166667,238.5416667,26.22926958258033,687.9745828356737,625,921.4867120729808,10.0,560.156249975,115.20833335,35.520833332500004,21793.33333,2102.3957238850576,4420067.779810175,624
20170302–NO-3450,80-250 5 peaks (3 and 2),42.980154250835206,12.08333333,49.6875,35.20833333,25.0,238.5416667,28.51718600236254,813.229897493342,443,1306.9504147720138,10.0,680.10416665,144.5833333,33.7499999975,29664.375,3086.156312361914,9524360.784331286,442
20170302–NO-3450,80-250 6 peaks (3 and 2),49.92765273234726,12.91666667,58.75,42.08333333,30.833333335,238.5416667,31.196391349336484,973.2148332209562,311,1863.7069893123548,10.0,1046.09374975,137.39583335,24.11458333,49036.25,4794.212575104089,22984474.215286188,310
20170302–NO-3450,80-250 4 peaks (4 and 3),40.340608466031746,10.0,47.29166667,32.91666667,21.875,186.6666667,29.651905779108098,879.2355163331042,189,3104.7695033996283,10.0,1855.5729165,124.27083335,24.79166667,47383.95833,7277.544507563105,52962654.059561916,188
20170302–NO-3450,80-250 5 peaks (4 and 3),48.20488721857143,14.375,54.16666667,39.79166667,30.20833333,186.6666667,31.835910045327108,1013.5251684141593,133,4431.134785253106,10.0,1872.395833,68.64583333,22.55208333,79151.875,11794.581974871453,139112163.96196258,132
20170302–NO-3450,80-250 6 peaks (4 and 3),52.24197247779816,17.70833333,62.70833333,43.33333333,33.125,186.6666667,33.456968004163826,1119.3687080316422,109,5379.54861068676,10.0,1091.09375025,58.22916667,21.1979166675,128803.9583,15990.716509056469,255703014.47301108,108
20170302–NO-3450,250-500 4 peaks (3 and 2),29.692286652308532,10.0,34.114583335,22.604166665,15.41666667,207.0833333,22.719624868546667,516.1813541674842,914,616.6271905818949,10.0,505.625,124.1666667,37.08333333,12367.08333,1239.1495666623273,1535491.6485594334,913
20170302–NO-3450,250-500 5 peaks (3 and 2),33.33621484575381,10.0,38.54166667,25.83333333,18.33333333,207.0833333,24.127590412349534,582.1406191061012,723,783.957467683532,10.0,640.260416675,136.97916665,38.07291667,12367.08333,1513.813329498496,2291630.7965673218,722
20170302–NO-3450,250-500 6 peaks (3 and 2),36.93117178629693,10.0,45.3125000025,28.75,21.45833333,207.0833333,25.300463523897072,640.1134545240462,586,971.7567663935725,10.0,908.5416667,150.0,36.66666667,15853.125,1816.371234454051,3299204.461352133,585
20170302–NO-3450,250-500 4 peaks (4 and 3),28.171816479325837,10.0,32.70833333,22.29166667,15.1562499975,163.75,19.634801251724884,385.525420194737,356,1561.5933098913524,10.0,1788.5416665,217.7083333,36.979166665,17803.54167,2779.1556693555062,7723706.234510852,355
20170302–NO-3450,250-500 5 peaks (4 and 3),31.867424242363636,10.20833333,38.229166665,25.41666667,18.54166667,163.75,20.711513674223518,428.96679867754773,275,2020.5710158027373,10.20833333,2958.385417,214.16666665,36.0937500025,19739.58333,3519.202121194713,12384783.569821369,274
20170302–NO-3450,250-500 6 peaks (4 and 3),35.20929783939815,11.04166667,43.33333333,27.604166665,21.1458333325,163.75,21.972789009087,482.8034568378544,216,2580.4408915245117,10.20833333,3277.6041665000002,194.5833333,36.145833335,27537.91667,4911.384912651184,24121701.76021768,215
20170303–180-3450,80-250 4 peaks (3 and 2),44.39316239264103,10.0,54.3750000025,35.416666665,23.75,357.0833333,34.18924987625019,1168.9048071006735,390,1492.612467907815,10.0,1090.416667,203.75,38.33333333,37130.625,3646.5716603622973,13297484.874157442,389
20170303–180-3450,80-250 5 peaks (3 and 2),50.71994535455738,12.29166667,60.83333333,41.45833333,29.16666667,357.0833333,36.01477773011268,1297.0642149494201,305,1915.5413925166122,10.0,1842.7604165,220.0,37.9687499975,37130.625,4328.142200531259,18732814.908019565,304
20170303–180-3450,80-250 6 peaks (3 and 2),55.86178045429719,12.91666667,65.0,45.20833333,33.75,357.0833333,37.78339424337523,1427.5848805503203,249,2288.816364255282,10.20833333,1960.46874975,242.1875,39.322916665,37130.625,5023.0283771426575,25230814.077580404,248
20170303–180-3450,80-250 4 peaks (4 and 3),41.637891343977905,10.83333333,52.70833333,35.83333333,25.41666667,127.5,23.116602027517903,534.3772892986448,181,3188.7349536931115,10.20833333,3064.84374975,349.375,49.739583335,51273.75,6977.408922945123,48684235.27799422,180
20170303–180-3450,80-250 5 peaks (4 and 3),47.24031690098592,14.79166667,59.0625000025,40.625,31.66666667,127.5,22.761910600021476,518.10457416337,142,4034.3454489860997,10.83333333,3148.125,356.0416667,49.58333333,51273.75,8248.339343873533,68035101.93169205,141
20170303–180-3450,80-250 6 peaks (4 and 3),51.65229885025862,14.79166667,61.66666667,46.770833335,34.58333333,127.5,22.716005705032984,516.0169151910911,116,4949.657608568174,10.83333333,4014.375,502.0833333,57.916666665,73234.16667,10252.461650405683,105112969.89303921,115
20170303–180-3450,250-500 4 peaks (3 and 2),38.12555704128343,10.0,45.052083332500004,25.729166665,16.66666667,319.1666667,37.39730038279513,1398.5580759210088,748,763.4340138497189,10.0,539.27083335,126.25,31.770833335,28443.125,2137.512262360864,4568958.6717430595,747
20170303–180-3450,250-500 5 peaks (3 and 2),41.76487635265842,10.0,49.895833335,29.375,18.854166665,319.1666667,38.938019908719454,1516.1693944118324,647,885.1102941293034,10.0,605.6770833,137.0833333,34.427083332500004,28443.125,2332.486917305029,5440495.219399116,646
20170303–180-3450,250-500 6 peaks (3 and 2),45.28778558917399,10.0,53.75,32.08333333,21.45833333,319.1666667,40.20892450525201,1616.7576098690552,569,1007.0679284157217,10.0,759.5833333,143.2291667,37.395833332500004,28443.125,2530.7754304298114,6404824.279267197,568
20170303–180-3450,250-500 4 peaks (4 and 3),35.722607052921916,10.0,47.29166667,27.29166667,17.5,242.9166667,27.97219165639111,782.4435060618765,397,1438.0260942818686,10.0,1059.4270832500001,171.35416665,40.9374999975,36334.16667,3577.922416263819,12801528.816803124,396
20170303–180-3450,250-500 5 peaks (4 and 3),39.343377976190474,10.0,52.395833335,30.83333333,20.364583335,242.9166667,28.852253342626426,832.4525229470977,336,1702.5024875130748,10.0,1385.2083335,186.0416667,41.875,36334.16667,4012.229505037821,16097985.60109604,335
20170303–180-3450,250-500 6 peaks (4 and 3),42.60092272207612,10.0,54.16666667,34.375,23.33333333,242.9166667,29.754629858885654,885.3379980392898,289,1976.1841723713542,10.0,1965.46875,195.9375,45.677083335,37162.70833,4373.891410027113,19130926.066708967,288
20170303–270-3450,80-250 4 peaks (3 and 2),44.11570248001653,10.20833333,55.20833333,36.45833333,23.54166667,215.0,29.271174677086684,856.8016669765207,605,926.9529525214568,10.0,406.874999975,86.5625,39.58333333,28121.45833,2795.7923573616195,7816454.905481642,604
20170303–270-3450,80-250 5 peaks (3 and 2),49.65889685875,12.70833333,60.0,41.875,30.156249997499998,215.0,29.86868424521934,892.1382985406142,488,1154.6941307762218,10.0,496.77083335,91.875,40.520833335,28181.25,3484.2598411958556,12140066.64097017,487
20170303–270-3450,80-250 6 peaks (3 and 2),53.6609984098568,12.70833333,62.91666667,46.04166667,34.16666667,215.0,30.28890773132549,917.4179315567492,419,1349.4871411636605,10.0,587.239583325,103.85416665,41.927083332500004,32056.66667,4055.7338285617325,16448976.88814001,418
20170303–270-3450,80-250 4 peaks (4 and 3),38.43854515063545,10.0,47.5,34.79166667,23.854166665,154.1666667,20.21078171995118,408.47569773151275,299,1891.790408245067,10.625,788.3854167,140.72916665,58.64583333,44776.45833,5239.825518585902,27455771.465224016,298
20170303–270-3450,80-250 5 peaks (4 and 3),43.55248917770563,15.625,51.354166665,39.16666667,30.0,154.1666667,19.972668467635867,398.9074857180961,231,2454.8451086280434,11.25,1483.2291667499999,226.45833335,61.979166667499996,44776.45833,6147.723058462697,37794498.80355394,230
20170303–270-3450,80-250 6 peaks (4 and 3),46.930114638677246,16.875,55.20833333,43.125,34.16666667,154.1666667,20.356518705338654,414.38785380080253,189,3009.0325797295745,14.16666667,1875.0520832500001,355.1041667,62.29166667,47376.875,7101.132480523122,50426082.50594047,188
20170303–270-3450,250-500 4 peaks (3 and 2),40.491483833533486,10.0,50.0,28.33333333,18.33333333,305.4166667,36.19150357537916,1309.8249310466822,866,637.5811656881388,10.0,305.625,82.08333333,29.58333333,21225.20833,1971.4642650526744,3886671.348379682,865
20170303–270-3450,250-500 5 peaks (3 and 2),43.24765857786718,10.0,51.45833333,31.875,21.04166667,305.4166667,36.98537333497336,1367.9178407273587,783,706.7908141432355,10.0,346.614583325,85.52083333499999,32.9687500025,21225.20833,2115.218581313256,4474149.646732863,782
20170303–270-3450,250-500 6 peaks (3 and 2),46.36128917349003,10.0,53.9062499975,35.3125,23.385416665,305.4166667,37.80251570886752,1429.0301939191754,702,790.3390988951498,10.0,381.6666667,90.625,35.41666667,21225.20833,2285.781740861082,5224798.166853919,701
20170303–270-3450,250-500 4 peaks (4 and 3),35.469583333399996,10.0,44.2187500025,26.145833335,17.91666667,255.4166667,29.06564161956621,844.8115227570596,500,1135.200400820461,10.0,565.1041667,114.7916667,45.9375,28102.29167,3182.9798062365057,10131360.446909383,499
20170303–270-3450,250-500 5 peaks (4 and 3),38.72093023262791,10.20833333,46.92708333,30.625,20.20833333,255.4166667,30.020230360018772,901.2142308685927,430,1322.959887354359,10.0,676.0416667,128.75,49.16666667,28102.29167,3549.986343209339,12602403.036972813,429
20170303–270-3450,250-500 6 peaks (4 and 3),42.47640423582873,10.625,50.83333333,34.16666667,22.5,255.4166667,31.177564062121686,972.0405008477017,362,1549.4540628203044,10.20833333,777.5,138.75,54.58333333,28527.29167,4044.4648611115163,16357696.012765795,361
20170303–NO-3450,80-250 4 peaks (3 and 2),42.28686951776316,10.0,50.885416665,35.625,25.364583335,286.6666667,26.78322422746187,717.3411000185004,608,937.7694261433772,10.20833333,533.75,91.66666667,45.20833333,42983.95833,2675.2861733768614,7157156.109461409,607
20170303–NO-3450,80-250 5 peaks (3 and 2),46.75690286123753,11.04166667,56.25,40.625,30.83333333,286.6666667,27.32995695430473,746.9265471241495,501,1141.26416669652,10.625,646.35416665,95.20833333499999,46.30208333,42983.95833,3075.4536251866148,9458415.00067349,500
20170303–NO-3450,80-250 6 peaks (3 and 2),49.757336343408575,14.16666667,58.645833335,43.33333333,33.541666665,286.6666667,27.574745670431515,760.3665987889815,443,1294.1511123750906,10.625,834.3229167,116.875,47.8124999975,43508.125,3351.7038148289275,11233918.462338785,442
20170303–NO-3450,80-250 4 peaks (4 and 3),41.96265243917683,10.20833333,51.04166667,35.3125,25.625,207.2916667,24.938562345940962,621.9318918823843,656,864.9306614807634,-286631.0417,509.47916665,71.25,10.20833333,44179.58333,11955.618663075402,142936817.61687684,655
20170303–NO-3450,80-250 5 peaks (4 and 3),41.90860215032258,11.66666667,46.66666667,36.25,28.75,193.9583333,22.277217789514502,496.27443244146144,217,2702.7343748870835,10.20833333,2130.677083,276.35416665,70.7812499975,50711.45833,6162.199272834449,37972699.87812142,216
20170303–NO-3450,80-250 6 peaks (4 and 3),46.01371951182927,14.375,54.427083332500004,39.791666665,32.1875000025,193.9583333,23.426657656779287,548.8082889679356,164,3544.7814415859507,10.20833333,2570.5208334999998,465.2083333,71.14583333499999,54046.66667,7552.504105516004,57040318.26383609,163
20170303–NO-3450,250-500 4 peaks (3 and 2),36.778746098168575,10.0,45.41666667,28.125,17.70833333,389.375,30.615495144340777,937.3085429331536,961,583.4765625056564,10.0,416.250000025,96.45833333499999,40.625,17785.0,1419.0559381478165,2013719.7555925797,960
20170303–NO-3450,250-500 5 peaks (3 and 2),39.7439492329634,10.0,49.0625,31.66666667,21.66666667,389.375,31.4071964285542,986.4119875017877,847,663.0759948841134,10.0,466.927083325,100.9375,42.91666667,17785.0,1570.72856716628,2467188.231712235,846
20170303–NO-3450,250-500 6 peaks (3 and 2),43.00152232788904,10.20833333,51.25,34.58333333,23.95833333,389.375,32.280074710202136,1042.0032232962315,739,762.6657068674119,10.0,539.1145833,108.9583333,44.16666667,30470.625,1943.236457610307,3776167.930185855,738
20170303–NO-3450,250-500 4 peaks (4 and 3),32.510543185121456,10.0,39.322916667499996,27.91666667,18.385416665,274.375,21.854369277702165,477.6134565261723,494,1173.5589925579513,10.0,1036.25,182.5,60.83333333,17785.41667,2344.7808989067134,5497997.463877776,493
20170303–NO-3450,250-500 5 peaks (4 and 3),32.510543185121456,10.0,39.322916667499996,27.91666667,18.385416665,274.375,21.854369277702165,477.6134565261723,494,1173.5589925579513,10.0,1036.25,182.5,60.83333333,17785.41667,2344.7808989067134,5497997.463877776,493
20170303–NO-3450,250-500 6 peaks (4 and 3),38.281971376094184,11.875,45.625,32.29166667,24.58333333,274.375,22.773653106641877,518.6392758216592,361,1613.3472222283056,10.0,1616.9270835,219.375,62.08333333,43503.54167,3564.9357351523677,12708766.795766354,360
